3HE02717AA,9
3HE02775CB,9
3HE04510AA,9
3HE07939DA,9
3HE10014BA,21
3HE10499AA,9
1AB390930002,9
3AL82020AA,9
3AL82037AC,9
3AL82037AG,9
3AL82037AH,9
3AL82037AJ,9
3AL82037AM,9
3AL82037AN,9
3AL82037AP,9
3AL82037AQ,9
3AL82037AR,9
3AL82037AS,9
3AL82037AT,9
3AL82039AA,9
3AL82070AB,9
3AL82070AC,9
3AL82070AD,9
3AL82070AE,9
3AL82070AG,9
3AL82070AH,9
3HE00007AA,9
3HE00008AA,9
3HE00009AA,9
3HE00012AA,9
3HE00013AA,9
3HE00014AA,9
3HE00016AA,9
3HE00018AA,9
3HE00019AA,9
3HE00019AB,9
3HE00020AA,9
3HE00020AB,21
3HE00021AA,9
3HE00023AA,9
3HE00024AA,9
3HE00024CA,9
3HE00025AA,9
3HE00026AA,9
3HE00027AA,9
3HE00027CA,9
3HE00028AA,9
3HE00028CA,9
3HE00029AA,9
3HE00029CA,9
3HE00030AA,9
3HE00031AA,9
3HE00032AA,9
3HE00033AA,9
3HE00034AA,9
3HE00034CA,9
3HE00035AA,9
3HE00035CA,9
3HE00036AA,9
3HE00036CA,9
3HE00037AA,9
3HE00038AA,9
3HE00039AA,9
3HE00041AA,9
3HE00041CA,9
3HE00042AA,9
3HE00042CA,9
3HE00043AA,9
3HE00044AA,9
3HE00045CA,9
3HE00046AA,9
3HE00046CA,9
3HE00047AA,9
3HE00048AA,9
3HE00049AA,9
3HE00061AA,9
3HE00061AB,21
3HE00061AC,21
3HE00062AA,9
3HE00062CB,9
3HE00070AE,9
3HE00070CA,9
3HE00070CB,9
3HE00070CC,9
3HE00070CD,9
3HE00070CE,9
3HE00070CG,9
3HE00070CV,9
3HE00071AA,9
3HE00074AA,9
3HE00101AA,9
3HE00101AB,9
3HE00104AA,60
3HE00104BA,60
3HE00105AA,9
3HE00106AA,9
3HE00107JA,9
3HE00107KA,9
3HE00107MA,9
3HE00107NA,9
3HE00107PA,9
3HE00107PA,9
3HE00107RA,9
3HE00108HA,9
3HE00108JA,9
3HE00177GA,21
3HE00183AA,60
3HE00183BA,60
3HE00183CA,60
3HE00186AA,60
3HE00187AA,9
3HE00188AA,9
3HE00188AB,9
3HE00190AA,9
3HE00191AA,9
3HE00191BA,9
3HE00192AA,9
3HE00193AA,9
3HE00194AA,9
3HE00195AA,9
3HE00205MA,9
3HE00205NA,9
3HE00226AA,9
3HE00226AB,21
3HE00226AC,21
3HE00229AA,9
3HE00229AB,21
3HE00230AA,9
3HE00231AA,9
3HE00232AA,9
3HE00233AA,9
3HE00234AA,9
3HE00234AB,9
3HE00235AA,9
3HE00236AA,9
3HE00237AA,9
3HE00238AA,9
3HE00240HA,9
3HE00240JA,9
3HE00240MA,9
3HE00241JA,9
3HE00241MA,9
3HE00241NA,9
3HE00241PA,9
3HE00245AA,60
3HE00262BA,9
3HE00266AA,9
3HE00271AA,9
3HE00271AB,9
3HE00271AC,9
3HE00271AD,9
3HE00271AE,9
3HE00271AF,9
3HE00271AG,9
3HE00271AH,9
3HE00272BA,60
3HE00272BB,60
3HE00272CB,60
3HE00272DB,60
3HE00273AA,9
3HE00387BA,60
3HE00387CB,60
3HE00387DB,60
3HE00410CA,9
3HE00513AB,9
3HE00513AD,9
3HE00564AA,9
3HE00564CA,9
3HE00566CA,9
3HE00707AA,9
3HE00714AA,9
3HE00867CA,9
3HE00868AA,9
3HE00868CA,9
3HE00868CB,9
3HE00869AB,9
3HE00869CA,9
3HE00869CB,9
3HE00876AA,9
3HE00876CA,9
3HE00977AA,9
3HE00977AB,9
3HE01014AA,9
3HE01015JA,9
3HE01015MA,9
3HE01016AA,60
3HE01016BA,60
3HE01017AA,9
3HE01018AA,9
3HE01019AA,9
3HE01020AA,9
3HE01021AA,9
3HE01022AA,9
3HE01023AA,9
3HE01024AA,9
3HE01049AA,9
3HE01051AA,9
3HE01053AA,9
3HE01110AA,9
3HE01111AA,60
3HE01111BA,60
3HE01112AA,9
3HE01157AA,9
3HE01158AA,9
3HE01159AA,9
3HE01170AA,9
3HE01171AA,9
3HE01172AA,9
3HE01173AA,9
3HE01197AA,9
3HE01198AA,9
3HE01199AA,9
3HE01199AB,9
3HE01199AC,9
3HE01364AA,9
3HE01389CA,9
3HE01454AA,9
3HE01454CA,9
3HE01473AA,21
3HE01532AA,9
3HE01545CA,9
3HE01549AA,9
3HE01615AA,9
3HE01616AA,9
3HE01617AA,9
3HE01619AA,9
3HE01671AA,9
3HE01673AA,9
3HE01881AA,9
3HE01881BA,9
3HE01881CA,9
3HE01882AA,9
3HE01882BA,9
3HE02021AA,9
3HE02022AA,9
3HE02032AA,9
3HE02033BA,60
3HE02033CA,60
3HE02036AA,60
3HE02037AA,9
3HE02175AA,9
3HE02176JA,9
3HE02176MA,9
3HE02177AA,60
3HE02179AA,9
3HE02181AA,9
3HE02183AA,9
3HE02185AA,9
3HE02186AA,9
3HE02297AA,9
3HE02298AA,9
3HE02299AA,9
3HE02305AA,60
3HE02305BA,60
3HE02499AA,9
3HE02500AA,9
3HE02501AA,9
3HE02596CA,60
3HE02598AA,9
3HE02599AA,60
3HE02600AA,9
3HE02605AA,60
3HE02607AA,9
3HE02608AA,9
3HE02616AA,9
3HE02717AE,9
3HE02717AF,9
3HE02717AG,9
3HE02717AH,9
3HE02717AL,9
3HE02717AM,9
3HE02718AA,9
3HE02718AD,9
3HE02718AF,9
3HE02718AG,9
3HE02718AH,9
3HE02718AJ,9
3HE02718AL,9
3HE02718AM,9
3HE02718AR,9
3HE02718AT,9
3HE02718AU,9
3HE02718AV,9
3HE02718AX,9
3HE02772AA,9
3HE02772BA,9
3HE02772CB,9
3HE02773AA,21
3HE02774AA,9
3HE02774AB,9
3HE02774BA,9
3HE02775AA,9
3HE02775AB,9
3HE02775BA,9
3HE02775CB,9
3HE02776AA,9
3HE02776AB,9
3HE02776BA,9
3HE02776CB,9
3HE02776DA,9
3HE02777AA,21
3HE02777AB,21
3HE02778AB,9
3HE02778BA,9
3HE02779AA,9
3HE02780AA,9
3HE02781AA,9
3HE02782AA,9
3HE02782BA,9
3HE02783AA,9
3HE02784AA,9
3HE02784CA,9
3HE02784DA,9
3HE02784FA,9
3HE02785CA,9
3HE02785DA,9
3HE02785FA,9
3HE02786AA,21
3HE02786BA,21
3HE02787AA,21
3HE02905AA,21
3HE02908AA,21
3HE02912AA,21
3HE02914AA,21
3HE02915AA,9
3HE02944AA,9
3HE02946AA,9
3HE02953AA,9
3HE03017GA,9
3HE03017LB,9
3HE03018GA,9
3HE03018KA,9
3HE03018LB,9
3HE03018MA,9
3HE03023EA,9
3HE03054AA,9
3HE03077AA,9
3HE03078AA,9
3HE03079AA,9
3HE03125AA,9
3HE03125BA,9
3HE03126AA,9
3HE03126BA,9
3HE03127AA,9
3HE03127BA,9
3HE03159AA,9
3HE03160AA,60
3HE03163AA,9
3HE03164AA,9
3HE03166AA,9
3HE03167AA,9
3HE03168AA,9
3HE03172AA,60
3HE03173AA,60
3HE03176AA,9
3HE03178AA,9
3HE03179AA,9
3HE03180AA,9
3HE03182AA,9
3HE03183AA,9
3HE03184AA,9
3HE03185AA,9
3HE03189AA,21
3HE03190AA,9
3HE03193AA,9
3HE03208AA,9
3HE03210AA,9
3HE03217AA,9
3HE03219AA,21
3HE03221AA,9
3HE03382AA,9
3HE03391AA,9
3HE03391AB,9
3HE03391BA,9
3HE03391BB,9
3HE03394AA,9
3HE03395AA,9
3HE03397AA,9
3HE03398AB,9
3HE03399AB,9
3HE03400AA,9
3HE03400BA,9
3HE03400CA,9
3HE03401AA,9
3HE03607AA,9
3HE03608AA,9
3HE03609AA,9
3HE03610AA,9
3HE03611AA,9
3HE03612AA,9
3HE03613AA,9
3HE03614AA,9
3HE03615AA,9
3HE03616AA,9
3HE03617AA,9
3HE03618AA,9
3HE03619AA,21
3HE03620AA,21
3HE03622AA,21
3HE03623AA,21
3HE03624AA,21
3HE03625AA,21
3HE03657AA,9
3HE03658AA,9
3HE03659AA,9
3HE03660AA,9
3HE03661AA,9
3HE03662AA,9
3HE03663AA,9
3HE03664AA,9
3HE03665AA,9
3HE03666AA,9
3HE03667AA,60
3HE03685AA,9
3HE03686AA,9
3HE03687AA,9
3HE03688AA,9
3HE04014AA,9
3HE04015AA,9
3HE04016AA,9
3HE04017AA,9
3HE04019AA,9
3HE04029AA,21
3HE04034AA,9
3HE04035AA,9
3HE04036AA,9
3HE04038AA,9
3HE04039AA,9
3HE04116AA,9
3HE04117AA,9
3HE04147AA,9
3HE04148AA,9
3HE04149AA,9
3HE04150AA,9
3HE04151AA,9
3HE04152AA,9
3HE04164AA,9
3HE04166AA,9
3HE04170AA,9
3HE04172AA,9
3HE04173AA,9
3HE04179AA,9
3HE04272AA,9
3HE04273AA,9
3HE04274AA,9
3HE04323AA,9
3HE04323AB,9
3HE04324AA,9
3HE04324AB,9
3HE04410AA,21
3HE04410AB,21
3HE04414AA,9
3HE04415AA,9
3HE04416AA,9
3HE04430AA,9
3HE04498AA,9
3HE04500AA,9
3HE04506AB,9
3HE04507AB,9
3HE04508AB,9
3HE04509AD,9
3HE04511AA,9
3HE04512AA,9
3HE04512BA,9
3HE04519AA,9
3HE04524AA,9
3HE04580AA,9
3HE04589AA,9
3HE04606AA,9
3HE04607AA,9
3HE04608AA,9
3HE04609AA,9
3HE04610AA,9
3HE04685AA,9
3HE04698AA,21
3HE04699AA,21
3HE04707AA,9
3HE04707AA,9
3HE04708AA,9
3HE04724AA,9
3HE04730AA,9
3HE04741AA,21
3HE04743AA,21
3HE04795BA,9
3HE04795MA,9
3HE04795PA,9
3HE04795RA,9
3HE04821AB,9
3HE04821BA,9
3HE04823AA,9
3HE04824AA,9
3HE04908AA,9
3HE04908JA,9
3HE04908KA,9
3HE04908MA,9
3HE04908NA,9
3HE04908RA,9
3HE04922AA,9
3HE04933AA,9
3HE04934AA,21
3HE04935AA,9
3HE04937AA,9
3HE04939CA,9
3HE04939CB,9
3HE04939CC,9
3HE04939CD,9
3HE04939CE,9
3HE04939CF,9
3HE04939CG,9
3HE04939CH,9
3HE04962AA,9
3HE04962BA,9
3HE04973AA,60
3HE04974AA,9
3HE04975AA,9
3HE04976AA,9
3HE04990AA,9
3HE04991AA,60
3HE04992AA,9
3HE04993AA,9
3HE04994AA,9
3HE04995AA,9
3HE04999CA,9
3HE05026AA,9
3HE05027AB,60
3HE05029AA,21
3HE05029AB,21
3HE05032AA,9
3HE05033AA,9
3HE05036AA,9
3HE05037AA,9
3HE05037AB,9
3HE05051AB,21
3HE05051BB,9
3HE05053AA,21
3HE05055AA,21
3HE05106AA,9
3HE05107AA,9
3HE05108AA,21
3HE05108BA,21
3HE05126AA,9
3HE05157AA,21
3HE05159AA,9
3HE05160AA,9
3HE05163AA,9
3HE05164AA,9
3HE05168AA,9
3HE05169AA,9
3HE05170AA,21
3HE05171AA,21
3HE05172AA,9
3HE05173AA,9
3HE05174AA,9
3HE05180AA,9
3HE05181AA,9
3HE05260AA,9
3HE05550AA,9
3HE05551AA,9
3HE05558AA,9
3HE05561AA,9
3HE05574CA,9
3HE05577AA,9
3HE05580AA,9
3HE05580AB,9
3HE05581AA,9
3HE05581AB,9
3HE05589AA,21
3HE05590AA,21
3HE05607JA,9
3HE05607KA,9
3HE05607MA,9
3HE05607NA,9
3HE05607PA,9
3HE05653AA,21
3HE05653BA,9
3HE05676AA,21
3HE05676AB,21
3HE05676AC,21
3HE05676AD,21
3HE05677AA,21
3HE05677AB,21
3HE05677AC,21
3HE05677AD,21
3HE05752AB,9
3HE05761CA,9
3HE05827AA,60
3HE05828AA,21
3HE05830CA,9
3HE05831CA,9
3HE05832CA,9
3HE05833CA,9
3HE05837AA,9
3HE05837BA,9
3HE05838AA,9
3HE05872AA,9
3HE05889AC,9
3HE05894AA,9
3HE05914AA,9
3HE05935AA,9
3HE05936CA,9
3HE05936CB,9
3HE05936CC,9
3HE05936CD,9
3HE05936CE,9
3HE05936CF,9
3HE05936CG,9
3HE05936CH,9
3HE05942AA,9
3HE05943AA,9
3HE05944AA,9
3HE05945AA,9
3HE05946AA,9
3HE05947AA,9
3HE05948AA,21
3HE05949AA,21
3HE05950AA,21
3HE05951AA,21
3HE06006AA,9
3HE06006BA,9
3HE06035AA,21
3HE06083AA,9
3HE06151AA,9
3HE06151AB,9
3HE06151AC,9
3HE06151BA,9
3HE06151BB,9
3HE06151BC,9
3HE06153AA,9
3HE06153AC,9
3HE06310CA,9
3HE06310CB,9
3HE06310CC,9
3HE06310CD,9
3HE06310CE,9
3HE06318AA,21
3HE06320AA,21
3HE06324AA,21
3HE06326AA,21
3HE06326BA,21
3HE06326CA,21
3HE06336AA,9
3HE06336AB,9
3HE06337AA,9
3HE06338AA,9
3HE06339AA,9
3HE06340AA,9
3HE06382AA,9
3HE06383AA,9
3HE06420AA,9
3HE06428AA,21
3HE06429AA,21
3HE06430AA,21
3HE06431AA,21
3HE06432AA,9
3HE06433AA,9
3HE06434AA,9
3HE06485AA,9
3HE06521AA,9
3HE06536AA,21
3HE06537AA,21
3HE06537AB,21
3HE06543AB,9
3HE06543AD,9
3HE06543AE,9
3HE06546AB,9
3HE06562AA,9
3HE06582AA,9
3HE06582AB,9
3HE06582AE,9
3HE06582AF,9
3HE06582AG,9
3HE06582AH,9
3HE06582BA,9
3HE06582BB,9
3HE06582BC,9
3HE06582BD,9
3HE06582BE,9
3HE06582BG,9
3HE06582BH,9
3HE06583AA,9
3HE06583AB,9
3HE06583AD,9
3HE06584AA,9
3HE06584AB,9
3HE06585AA,9
3HE06588CA,9
3HE06609AA,21
3HE06681CA,9
3HE06693AA,9
3HE06694AA,9
3HE06695AA,9
3HE06696AA,9
3HE06697AA,9
3HE06699AA,9
3HE06699BA,9
3HE06754AA,9
3HE06755AA,9
3HE06756AA,9
3HE06771AA,9
3HE06788AA,9
3HE06788BA,9
3HE06789AA,9
3HE06789BA,9
3HE06790AA,9
3HE06791AA,21
3HE06791BA,21
3HE06792AA,9
3HE06792BA,9
3HE06792CA,9
3HE06792EA,9
3HE06792FA,9
3HE06793AA,9
3HE06794AA,9
3HE06794AA,9
3HE06794BA,9
3HE06796AA,21
3HE06797AA,21
3HE06798CA,21
3HE06936AA,21
3HE06937AA,21
3HE06937BA,21
3HE06938AA,21
3HE06938BA,21
3HE06945AA,9
3HE06945MA,9
3HE06945NA,9
3HE06945PA,9
3HE06951AA,9
3HE06969AA,21
3HE06969BA,21
3HE06969CA,21
3HE06969DA,21
3HE06970AA,9
3HE06970BA,9
3HE06970CA,9
3HE06970DA,9
3HE06971AA,21
3HE06972AA,9
3HE06972AB,9
3HE06973AA,9
3HE06974AA,9
3HE07000AA,21
3HE07001AA,9
3HE07011AA,9
3HE07112AA,60
3HE07113AA,60
3HE07114AA,9
3HE07115AA,21
3HE07116AA,21
3HE07116AB,21
3HE07117AA,9
3HE07118AA,9
3HE07118AB,9
3HE07119AA,9
3HE07152AA,9
3HE07152BA,9
3HE07158AA,21
3HE07158BA,21
3HE07158CA,21
3HE07159AA,21
3HE07159BA,21
3HE07159CA,21
3HE07161CA,9
3HE07161CB,9
3HE07161CC,9
3HE07161CD,9
3HE07161CE,9
3HE07161CF,9
3HE07161CG,9
3HE07161CH,9
3HE07165AA,60
3HE07166AA,21
3HE07166AA,21
3HE07167AA,9
3HE07168AA,9
3HE07267AA,9
3HE07268AA,9
3HE07268AB,9
3HE07268BA,9
3HE07268CA,9
3HE07278AA,9
3HE07282AA,9
3HE07283AA,9
3HE07284AA,9
3HE07285AA,9
3HE07297AA,21
3HE07297BA,21
3HE07299AA,21
3HE07299BA,21
3HE07303AA,21
3HE07303BA,21
3HE07303CA,21
3HE07304AA,21
3HE07304BA,21
3HE07304CA,21
3HE07305AA,21
3HE07305BA,21
3HE07305CA,21
3HE07349AA,9
3HE07352AA,9
3HE07353AA,21
3HE07353BA,21
3HE07354AA,9
3HE07354AB,9
3HE07354AC,9
3HE07357AA,9
3HE07357AB,9
3HE07373AA,9
3HE07388AA,9
3HE07389AA,9
3HE07390AA,9
3HE07391AA,9
3HE07392AA,9
3HE07405AA,9
3HE07440AA,60
3HE07440AB,60
3HE07442AA,9
3HE07445AA,9
3HE07457AA,9
3HE07460AA,9
3HE07527AA,9
3HE07529AA,9
3HE07530AA,9
3HE07531AA,9
3HE07532AA,9
3HE07555AA,9
3HE07614AA,9
3HE07615AA,9
3HE07616AA,9
3HE07617AA,9
3HE07618AA,9
3HE07619AA,9
3HE07620AA,9
3HE07649AA,9
3HE07652AA,21
3HE07656AA,9
3HE07663AA,9
3HE07670AA,9
3HE07671AA,9
3HE07672AA,9
3HE07674AA,9
3HE07675AA,9
3HE07675AB,9
3HE07676AA,9
3HE07677AA,9
3HE07678AA,9
3HE07679AA,9
3HE07682AA,9
3HE07683AA,9
3HE07755AA,9
3HE07756AA,9
3HE07757AA,9
3HE07769AA,9
3HE07770AA,9
3HE07771AA,9
3HE07786AA,9
3HE07800AA,9
3HE07801AA,9
3HE07803AA,9
3HE07803BA,9
3HE07804AA,9
3HE07804BA,9
3HE07904AA,9
3HE07905AA,9
3HE07906AA,9
3HE07907AA,9
3HE07908AA,9
3HE07927AA,9
3HE07928AA,9
3HE07938AA,9
3HE07939AA,9
3HE07939BA,9
3HE07940AA,9
3HE07940BA,9
3HE07942AA,9
3HE07943AA,9
3HE07943BA,9
3HE07945AA,9
3HE07945AB,9
3HE07954AA,21
3HE07955AA,9
3HE07957AA,18
3HE07958AA,9
3HE07959AA,9
3HE07960AA,9
3HE07961AA,9
3HE07962AA,9
3HE07979AA,9
3HE07980AA,9
3HE07981AA,9
3HE07982AA,9
3HE07983AA,9
3HE08002AA,60
3HE08019AA,21
3HE08019BA,21
3HE08019CA,21
3HE08020AA,21
3HE08020BA,21
3HE08020CA,21
3HE08021AA,21
3HE08098AA,9
3HE08099AA,9
3HE08100AA,9
3HE08102AA,9
3HE08116AA,21
3HE08117AA,21
3HE08118AA,9
3HE08120AA,21
3HE08121AA,21
3HE08122AA,60
3HE08123AA,60
3HE08124AA,9
3HE08125AA,21
3HE08140AA,9
3HE08141AA,9
3HE08142AA,9
3HE08142BA,9
3HE08151AA,60
3HE08152AA,9
3HE08153AA,9
3HE08154AB,9
3HE08155AA,21
3HE08158AA,21
3HE08158AA,21
3HE08159AA,9
3HE08166AA,9
3HE08167AA,9
3HE08168AA,9
3HE08169AA,9
3HE08173AA,9
3HE08174AA,21
3HE08174BA,21
3HE08174CA,21
3HE08175AA,21
3HE08175BA,21
3HE08214AA,21
3HE08214BA,21
3HE08217AA,9
3HE08220AA,9
3HE08221AA,9
3HE08222AA,9
3HE08278AA,9
3HE08279AA,9
3HE08312AA,9
3HE08313AA,9
3HE08313BA,9
3HE08314AA,9
3HE08403AA,9
3HE08404AA,9
3HE08405AA,9
3HE08406AA,9
3HE08407AA,9
3HE08411CA,9
3HE08411CB,9
3HE08411CC,9
3HE08411CD,9
3HE08411CE,9
3HE08411CF,9
3HE08411CG,9
3HE08411CH,9
3HE08421AA,21
3HE08422AA,21
3HE08423AA,21
3HE08424AA,21
3HE08424BA,21
3HE08424CA,21
3HE08425AA,21
3HE08425BA,21
3HE08426AA,21
3HE08427AA,21
3HE08428AA,21
3HE08429AA,21
3HE08430AA,21
3HE08431AA,21
3HE08432AA,21
3HE08489AA,60
3HE08490AA,60
3HE08491AA,9
3HE08492AA,9
3HE08493AA,9
3HE08494AA,9
3HE08495AA,9
3HE08496AA,9
3HE08505AA,21
3HE08534AA,21
3HE08587AA,9
3HE08588AA,9
3HE08589AA,9
3HE08590AA,9
3HE08591AA,9
3HE08592AA,9
3HE08593AA,9
3HE08594AA,9
3HE08605AA,9
3HE08608AA,9
3HE08631AA,21
3HE08631BA,21
3HE08632AA,21
3HE08632BA,21
3HE08703AA,9
3HE08739AA,21
3HE08748AA,21
3HE08961AA,9
3HE08962AA,9
3HE08963AA,9
3HE08996AA,9
3HE08996BA,9
3HE09095AA,9
3HE09116AA,9
3HE09117AA,21
3HE09118AA,21
3HE09126AA,9
3HE09127AA,9
3HE09128AA,9
3HE09129AA,9
3HE09138AA,60
3HE09140AA,21
3HE09141AA,9
3HE09141AB,9
3HE09142AA,9
3HE09143AA,9
3HE09144AA,9
3HE09148AA,9
3HE09149AA,9
3HE09150AA,9
3HE09151AA,9
3HE09152AA,21
3HE09152AA,21
3HE09153AA,21
3HE09154AA,21
3HE09155AA,21
3HE09156AA,21
3HE09157AA,9
3HE09170AA,9
3HE09173AA,9
3HE09192AA,21
3HE09192BA,21
3HE09193AA,21
3HE09193BA,21
3HE09193CA,21
3HE09195AA,60
3HE09196AA,60
3HE09197AA,9
3HE09198AA,9
3HE09199AA,9
3HE09200AA,9
3HE09201AA,9
3HE09202AA,21
3HE09202BA,21
3HE09202CA,21
3HE09203AA,9
3HE09204AA,9
3HE09205AA,9
3HE09206AA,9
3HE09207AA,9
3HE09240AA,9
3HE09241AA,9
3HE09253AA,21
3HE09253BA,21
3HE09253CA,21
3HE09254AA,21
3HE09254BA,21
3HE09254CA,21
3HE09279AA,21
3HE09279BA,21
3HE09279CA,21
3HE09280AA,21
3HE09303AA,9
3HE09303BA,9
3HE09326AA,9
3HE09327AA,9
3HE09328AA,9
3HE09329AA,9
3HE09389AA,9
3HE09411AA,9
3HE09417AA,9
3HE09418AA,9
3HE09419AA,9
3HE09420AA,9
3HE09421AA,9
3HE09422AA,9
3HE09423AA,9
3HE09425AA,21
3HE09426AA,21
3HE09428AA,9
3HE09429AA,9
3HE09431AA,9
3HE09432AA,9
3HE09437AA,9
3HE09500AA,9
3HE09507AA,9
3HE09548AA,9
3HE09549AA,9
3HE09550AA,9
3HE09550BA,9
3HE09550CA,9
3HE09580AA,9
3HE09584AA,9
3HE09608AA,9
3HE09609AA,9
3HE09610AA,9
3HE09613AA,21
3HE09644AA,9
3HE09645AA,21
3HE09645BA,21
3HE09645CA,21
3HE09648AA,21
3HE09648BA,21
3HE09648BA,21
3HE09648CA,21
3HE09649AA,9
3HE09698AA,9
3HE09704AA,9
3HE09749AA,9
3HE09749AB,9
3HE09750AA,9
3HE09751AA,9
3HE09752AA,9
3HE09752AB,9
3HE09763AA,21
3HE09764AA,21
3HE09765AA,21
3HE09766AA,21
3HE09776AA,9
3HE09777AA,9
3HE09779AA,9
3HE09780AA,9
3HE09784AA,9
3HE09787AA,9
3HE09788AA,9
3HE09879AA,9
3HE09881AA,9
3HE09904AA,9
3HE09914AA,9
3HE09914AA,9
3HE09966AA,21
3HE09976AA,9
3HE09977AA,9
3HE09982CC,9
3HE10013AA,21
3HE10014AA,21
3HE10014CA,21
3HE10015AA,9
3HE10027AA,9
3HE10028AA,9
3HE10029AA,9
3HE10030AA,9
3HE10031AA,9
3HE10040AA,9
3HE10041AA,9
3HE10075AA,21
3HE10076AA,21
3HE10114AA,9
3HE10115AA,9
3HE10218AA,9
3HE10218BA,9
3HE10219AA,9
3HE10230AA,9
3HE10230AC,9
3HE10230AD,9
3HE10275AA,9
3HE10295AA,9
3HE10296AA,9
3HE10297AA,9
3HE10298AA,9
3HE10300AA,9
3HE10301AA,60
3HE10302AA,60
3HE10303AA,60
3HE10304AA,9
3HE10305AA,9
3HE10306AA,9
3HE10309AA,9
3HE10310AA,9
3HE10311AA,21
3HE10311BA,21
3HE10311CA,21
3HE10312AA,9
3HE10338AA,9
3HE10339AA,9
3HE10365CA,9
3HE10365CD,9
3HE10365CE,9
3HE10417AA,9
3HE10427AA,9
3HE10428AA,9
3HE10429AA,9
3HE10430AA,9
3HE10431AA,9
3HE10439AA,9
3HE10441AA,9
3HE10447AA,9
3HE10452AA,9
3HE10474AA,9
3HE10475AA,9
3HE10492AA,21
3HE10493AA,21
3HE10494AA,21
3HE10498AA,9
3HE10502AA,9
3HE10556AA,21
3HE10582AA,9
3HE10642AA,9
3HE10671RA,9
3HE10766AA,60
3HE10768AA,60
3HE10869AA,9
3HE11030AA,9
3HE11031AA,9
3HE11035AA,9
3HE11036AA,9
3HE11036AB,9
3HE11169AA,9
3HE11170AA,9
3HE11171AA,9
3KC35464AA,9
3KC40953AB,9
3KC40954AB,9
3KC40958AA,9
3KC50312AA,9
3KC50322AA,9
3KC50330AA,9
3KC50335AA,9
3KC50388AA,9
3KC50429AB,9
3KC50486AA,9
3KC50547AA,9
3KC50611AA,9
3KC50625AA,9
3KC50629AA,9
3KC50674AA,9
3KC50675AA,9
3KC50699AA,9
3KC50707AA,9
3KC59925AA,9
3KC59929AA,9
3KC60223AA,9
3KC60253AA,9
8DG63245AA,9
8DG63247AA,9
8DG63249AB,9
8DG63249AC,9
8DG63249AD,9
8DG63322AA,9
8DG63541AA,9
8DG63541AC,9
8DG63541AF,9
8DG99108AA,9
90-6708-06,9
90670806,9